Filename,CPU Time,Normalized CPU Time
clang_generated_unoptimized.asm,0.29137900000000627,1.0
clang_generated_O2_optimized.asm,0.2227980000000116,0.7646330037511516
clang_generated_llm_optimized.asm,0.2252679999999998,0.773109935856719
clang_generated_O1_optimized.asm,0.2227450000000033,0.764451110066266
clang_generated_O3_optimized.asm,0.2263329999999968,0.7767649693354426
llm_generated.asm,0.2257630000000006,0.7748087542341615
