Filename,CPU Time,Normalized CPU Time
clang_generated_unoptimized.asm,0.30198899999999895,1.0
clang_generated_llm_optimized.asm,0.2223070000000007,0.7361427071847036
clang_generated_O3_optimized.asm,0.2193020000000061,0.7261920136164127
llm_generated.asm,0.24009000000000214,0.7950289580084141
