Filename,CPU Time,Normalized CPU Time,Compiler Errors,Linker Errors,Execution Errors,Correctness Errors
clang_generated_O2_optimized.asm,2.190602,0.7822346551846658,0,0,0,0
clang_generated_O1_optimized.asm,2.1917660000000003,0.7826503040056908,0,0,0,0
clang_generated_O3_optimized.asm,2.1879550000000005,0.7812894469121118,0,0,0,0
clang_generated_unoptimized.asm,2.8004409999999993,1.0,0,0,0,0
clang_generated_llm_optimized_4.asm,2.1880310000000005,0.7813165854949278,0,0,0,0
clang_generated_llm_optimized_1.asm,2.1939259999999976,0.7834216110962516,0,0,0,0
clang_generated_llm_optimized_3.asm,2.187769000000003,0.7812230288015365,0,0,0,0
clang_generated_llm_optimized_2.asm,2.1899559999999987,0.7820039772307288,0,0,0,0
