Filename,CPU Time,Normalized CPU Time
clang_generated_unoptimized.asm,0.25059500000000057,1.0
clang_generated_llm_optimized.asm,0.002210999999999963,0.008823001257008153
clang_generated_O3_optimized.asm,0.21985300000000052,0.8773239689538899
