Filename,CPU Time,Normalized CPU Time
clang_generated_unoptimized.asm,0.25502699999999834,1.0
clang_generated_O2_optimized.asm,0.22539199999999937,0.8837966176130403
clang_generated_llm_optimized.asm,0.0026700000000019486,0.010469479702156894
clang_generated_O1_optimized.asm,0.22326499999999783,0.8754563242323333
clang_generated_O3_optimized.asm,0.22489499999999651,0.8818478043501197
