Filename,CPU Time,Normalized CPU Time
clang_generated_unoptimized.asm,0.2786650000000037,1.0
clang_generated_O2_optimized.asm,0.22410800000000108,0.8042201209337309
clang_generated_llm_optimized.asm,0.23160500000000184,0.8311233918863106
clang_generated_O1_optimized.asm,0.23163200000000472,0.8312202824179629
clang_generated_O3_optimized.asm,0.22700500000000545,0.8146161161251051
llm_generated.asm,0.002898999999999319,0.010403172267774138
