Filename,CPU Time,Normalized CPU Time
clang_generated_unoptimized.asm,0.33385500000000023,1.0
clang_generated_O2_optimized.asm,0.21976099999999965,0.6582528343142966
clang_generated_llm_optimized.asm,0.22278400000000032,0.6673076635066126
clang_generated_O1_optimized.asm,0.2224140000000001,0.6661993979422203
clang_generated_O3_optimized.asm,0.2229960000000002,0.6679426697218853
llm_generated.asm,0.0022159999999997737,0.006637612137004904
