Filename,CPU Time,Normalized CPU Time
clang_generated_unoptimized.asm,0.2667629999999974,1.0
clang_generated_O2_optimized.asm,0.23467100000002006,0.8796984589317947
clang_generated_llm_optimized.asm,0.2340859999999907,0.8775055011376875
clang_generated_O1_optimized.asm,0.22270299999999565,0.8348346659769076
clang_generated_O3_optimized.asm,0.22420999999999935,0.8404838752000897
llm_generated.asm,0.2274940000000072,0.8527944280129156
