Filename,CPU Time,Normalized CPU Time
clang_generated_unoptimized.asm,0.5334200000000067,1.0
clang_generated_O2_optimized.asm,0.2255220000000122,0.42278504742981027
clang_generated_llm_optimized.asm,0.2273580000000095,0.42622698811444387
clang_generated_O1_optimized.asm,0.23195799999999167,0.43485058677962724
clang_generated_O3_optimized.asm,0.22769999999999868,0.42686813392822887
llm_generated.asm,0.22880100000000425,0.4289321735218053
