Filename,CPU Time,Normalized CPU Time
clang_generated_unoptimized.asm,0.2560709999999986,1.0
clang_generated_O2_optimized.asm,0.22582200000000086,0.8818726056445364
clang_generated_llm_optimized.asm,0.22529999999999717,0.8798341085089619
clang_generated_O1_optimized.asm,0.22408799999999474,0.8751010461942038
clang_generated_O3_optimized.asm,0.22543800000000402,0.8803730215448264
llm_generated.asm,0.0025710000000032096,0.010040184167684835
