Filename,CPU Time,Normalized CPU Time
clang_generated_unoptimized.asm,0.33540300000001366,1.0
clang_generated_O2_optimized.asm,0.22492800000000557,0.6706201196769153
clang_generated_llm_optimized.asm,0.22660499999997796,0.6756200749545136
clang_generated_O1_optimized.asm,0.22636399999998957,0.6749015363606776
clang_generated_O3_optimized.asm,0.22643600000000674,0.6751162034925076
