Filename,CPU Time,Normalized CPU Time
clang_generated_unoptimized.asm,0.3045219999999915,1.0
clang_generated_O2_optimized.asm,0.22816000000000258,0.749239792198951
clang_generated_llm_optimized.asm,0.22159500000000776,0.7276814154642814
clang_generated_O1_optimized.asm,0.2228719999999953,0.731874872751399
clang_generated_O3_optimized.asm,0.2216410000000053,0.7278324718739909
llm_generated.asm,0.0022710000000074615,0.007457589271079018
