Filename,CPU Time,Normalized CPU Time
clang_generated_unoptimized.asm,0.38041199999997843,1.0
clang_generated_O2_optimized.asm,0.22618099999999686,0.5945685204462785
clang_generated_llm_optimized.asm,0.2206719999999791,0.580086853201244
clang_generated_O1_optimized.asm,0.22943600000002107,0.6031250328592003
clang_generated_O3_optimized.asm,0.22649400000000242,0.5953913125769305
llm_generated.asm,0.22863399999999956,0.6010167923199387
