Filename,1,2,3,4,5
clang_generated_llm_optimized,0.8758788491680672,0.8899790882607928,0.8857470444715626,0.8700612680039331,0.8698329032924754
