Filename,CPU Time,Normalized CPU Time
clang_generated_unoptimized.asm,0.2729279999999932,1.0
clang_generated_O2_optimized.asm,0.22476599999998825,0.8235358775940683
clang_generated_llm_optimized.asm,0.23014999999999475,0.8432626919920291
clang_generated_O1_optimized.asm,0.226263000000003,0.829020840661305
clang_generated_O3_optimized.asm,0.23524799999999857,0.8619416109743392
llm_generated.asm,0.23152699999999982,0.8483079786610593
