Filename,CPU Time,Normalized CPU Time
clang_generated_unoptimized.asm,0.27357800000000054,1.0
clang_generated_O2_optimized.asm,0.22587500000000205,0.8256329090789523
clang_generated_llm_optimized.asm,0.22718600000000322,0.8304249610714413
clang_generated_O1_optimized.asm,0.22672100000001194,0.8287252629963355
clang_generated_O3_optimized.asm,0.22093499999999722,0.807575901571021
llm_generated.asm,0.0025990000000035707,0.009500032897395132
