Filename,CPU Time,Normalized CPU Time
clang_generated_unoptimized.asm,0.7245109999999997,1.0
clang_generated_O2_optimized.asm,0.23082899999999995,0.31859971760263134
clang_generated_llm_optimized.asm,0.4494170000000004,0.6203039015280659
clang_generated_O1_optimized.asm,0.23321000000000147,0.32188607212313075
clang_generated_O3_optimized.asm,0.2514440000000011,0.3470533918739691
llm_generated.asm,0.004096999999999795,0.005654848580628586
