Filename,CPU Time,Normalized CPU Time
clang_generated_unoptimized.asm,0.5315009999999916,1.0
clang_generated_O2_optimized.asm,0.22177899999999795,0.4172692055141975
clang_generated_llm_optimized.asm,0.22556299999999396,0.42438866530824504
clang_generated_O1_optimized.asm,0.22568899999998848,0.4246257297728359
clang_generated_O3_optimized.asm,0.2261790000000019,0.42554764713519916
llm_generated.asm,0.3818469999999934,0.7184313858299409
