Filename,CPU Time,Normalized CPU Time
clang_generated_unoptimized.asm,0.2569530000000029,1.0
clang_generated_O2_optimized.asm,0.2226479999999995,0.8664930940677751
clang_generated_llm_optimized.asm,0.22130299999999892,0.8612586737652272
clang_generated_O1_optimized.asm,0.2234460000000027,0.8695987203885543
clang_generated_O3_optimized.asm,0.22139500000000112,0.8616167158974546
llm_generated.asm,0.2201820000000012,0.8568960082193972
