Filename,CPU Time,Normalized CPU Time
clang_generated_unoptimized.asm,1.059412000000009,1.0
clang_generated_O2_optimized.asm,0.2225779999999986,0.21009578898483003
clang_generated_llm_optimized.asm,0.22900300000000584,0.21616047392327434
clang_generated_O1_optimized.asm,0.4072880000000225,0.38444722166637635
clang_generated_O3_optimized.asm,0.2265859999999975,0.21387901968261225
llm_generated.asm,0.5973250000000121,0.5638269153077434
