Filename,CPU Time,Normalized CPU Time
clang_generated_unoptimized.asm,0.27078699999999856,1.0
clang_generated_llm_optimized.asm,0.22142399999999895,0.817705428990314
clang_generated_O3_optimized.asm,0.22096499999999963,0.8160103697740321
llm_generated.asm,0.22993899999999456,0.8491508085690812
