Filename,CPU Time,Normalized CPU Time
clang_generated_unoptimized.asm,0.2769959999999969,1.0
clang_generated_O2_optimized.asm,0.23032999999999504,0.8315282531155598
clang_generated_llm_optimized.asm,0.23058400000000745,0.8324452338662292
clang_generated_O1_optimized.asm,0.23161299999999585,0.8361600889543475
clang_generated_O3_optimized.asm,0.2228020000000015,0.8043509653569149
llm_generated.asm,0.22645900000000552,0.8175533220696618
