Filename,CPU Time,Normalized CPU Time
clang_generated_unoptimized.asm,0.5310000000000059,1.0
clang_generated_O2_optimized.asm,0.2228060000000056,0.4195969868173317
clang_generated_llm_optimized.asm,0.2262450000000058,0.4260734463276898
clang_generated_O1_optimized.asm,0.22620899999999722,0.42600564971750415
clang_generated_O3_optimized.asm,0.22256300000000806,0.41913935969869226
llm_generated.asm,0.25459800000000143,0.4794689265536697
