Filename,CPU Time,Normalized CPU Time
clang_generated_unoptimized.asm,0.3230390000000085,1.0
clang_generated_O2_optimized.asm,0.22698300000000415,0.7026489061692185
clang_generated_llm_optimized.asm,0.22392100000000426,0.6931701744990492
clang_generated_O1_optimized.asm,0.22566100000000233,0.6985565210392441
clang_generated_O3_optimized.asm,0.2280630000000059,0.7059921557459004
llm_generated.asm,0.2294650000000047,0.7103321889926562
