Filename,CPU Time,Normalized CPU Time
clang_generated_unoptimized.asm,0.25171500000000435,1.0
clang_generated_llm_optimized.asm,0.2196610000000021,0.872657569076131
clang_generated_O3_optimized.asm,0.21947000000000116,0.8718987744075537
llm_generated.asm,0.00217900000000526,0.00865661561688903
