Filename,CPU Time,Normalized CPU Time
clang_generated_unoptimized.asm,0.2588709999999992,1.0
clang_generated_O2_optimized.asm,0.22540999999998235,0.8707425706239132
clang_generated_llm_optimized.asm,0.22626399999998625,0.8740415110228144
clang_generated_O1_optimized.asm,0.22523000000001048,0.8700472436078633
clang_generated_O3_optimized.asm,0.22771499999998923,0.8796466193586379
llm_generated.asm,0.0027629999999874144,0.010673269697986345
