Filename,CPU Time,Normalized CPU Time
clang_generated_unoptimized.asm,0.6385989999999993,1.0
clang_generated_O2_optimized.asm,0.005123000000001099,0.008022248703804899
clang_generated_llm_optimized.asm,0.12430900000000022,0.1946589330706756
clang_generated_O1_optimized.asm,0.24006299999999925,0.3759213528364428
clang_generated_O3_optimized.asm,0.005337000000000813,0.008357357277416376
llm_generated.asm,12.055596000000001,18.87819429720375
