Filename,CPU Time,Normalized CPU Time
clang_generated_unoptimized.asm,0.2798930000000013,1.0
clang_generated_O2_optimized.asm,0.2261220000000037,0.807887299789572
clang_generated_llm_optimized.asm,0.22968300000000852,0.8206100188286505
clang_generated_O1_optimized.asm,0.2279100000000085,0.8142754552632879
clang_generated_O3_optimized.asm,0.22604299999999,0.8076050490722847
llm_generated.asm,0.22739599999999882,0.8124390392042594
