Filename,CPU Time,Normalized CPU Time
clang_generated_unoptimized.asm,0.25258200000000386,1.0
clang_generated_O2_optimized.asm,0.22628299999999513,0.8958793579906393
clang_generated_llm_optimized.asm,0.22745700000000113,0.9005273534931137
clang_generated_O1_optimized.asm,0.22700000000000387,0.8987180400820344
clang_generated_O3_optimized.asm,0.2262539999999973,0.8957645437916947
llm_generated.asm,0.2289440000000127,0.9064145505222431
