Filename,CPU Time,Normalized CPU Time
clang_generated_unoptimized.asm,0.28949600000001396,1.0
clang_generated_O2_optimized.asm,0.22877800000000548,0.7902630779008845
clang_generated_llm_optimized.asm,0.2278209999999774,0.786957332743687
clang_generated_O1_optimized.asm,0.22621200000000385,0.7813993975736899
clang_generated_O3_optimized.asm,0.22575299999999743,0.7798138834387575
llm_generated.asm,0.002704999999991742,0.009343825130542775
