Filename,CPU Time,Normalized CPU Time
clang_generated_unoptimized.asm,0.28209800000001906,1.0
clang_generated_O2_optimized.asm,0.22441499999999337,0.7955214145438047
clang_generated_llm_optimized.asm,0.22149099999998612,0.7851562223056213
clang_generated_O1_optimized.asm,0.2244670000000042,0.7957057476479416
clang_generated_O3_optimized.asm,0.22563300000001618,0.7998390630206558
llm_generated.asm,0.0023140000000125838,0.00820282313243067
