Filename,CPU Time,Normalized CPU Time
clang_generated_unoptimized.asm,0.2518279999999997,1.0
clang_generated_O2_optimized.asm,0.21951100000000068,0.87167034642693
clang_generated_llm_optimized.asm,0.2195040000000006,0.8716425496767668
clang_generated_O1_optimized.asm,0.22131800000000013,0.8788458789332416
clang_generated_O3_optimized.asm,0.2195079999999976,0.8716584335339909
llm_generated.asm,0.2231330000000007,0.8860531791540295
