Filename,CPU Time,Normalized CPU Time
clang_generated_unoptimized.asm,0.25340000000000096,1.0
clang_generated_O2_optimized.asm,0.22792100000000026,0.8994514601420656
clang_generated_llm_optimized.asm,0.22957000000000072,0.9059589581689024
clang_generated_O1_optimized.asm,0.22784600000000133,0.8991554853985811
clang_generated_O3_optimized.asm,0.23321700000000334,0.9203512233622828
llm_generated.asm,0.22147100000000108,0.8739976322020531
