Filename,CPU Time,Normalized CPU Time
clang_generated_unoptimized.asm,1.7329459999999983,1.0
clang_generated_O2_optimized.asm,0.2291229999999871,0.13221589132032233
clang_generated_llm_optimized.asm,0.22735799999998108,0.13119739449468207
clang_generated_O1_optimized.asm,0.48000899999999547,0.27699016587937303
clang_generated_O3_optimized.asm,0.23068899999998393,0.13311955479281187
llm_generated.asm,0.4808800000000133,0.27749277819390433
