Filename,CPU Time,Normalized CPU Time
clang_generated_unoptimized.asm,0.7236499999999992,1.0
clang_generated_O2_optimized.asm,0.22652200000000278,0.3130270158225703
clang_generated_llm_optimized.asm,0.2310590000000019,0.31929662129482783
clang_generated_O1_optimized.asm,0.22891600000000523,0.31633524493885923
clang_generated_O3_optimized.asm,0.22541599999999562,0.31149865266357474
