Filename,CPU Time,Normalized CPU Time
clang_generated_unoptimized.asm,0.7216680000000001,1.0
clang_generated_O2_optimized.asm,0.22519999999999984,0.31205485070697303
clang_generated_llm_optimized.asm,0.2253449999999999,0.31225577412328087
clang_generated_O1_optimized.asm,0.2249429999999999,0.3116987312725517
clang_generated_O3_optimized.asm,0.22573200000000027,0.3127920317930132
