problem,Filename,1,2,3,4,5
10,clang_generated_llm_optimized,0.999896897057643,0.996905999313864,0.997101712421259,0.9957084540763066,0.9955209527076836
20,clang_generated_llm_optimized,0.8653754459222275,0.8652312934437548,,,
30,clang_generated_llm_optimized,0.8765861497659312,0.876440458378018,0.8773483204150946,0.8762546316215353,0.8768984029334133
40,clang_generated_llm_optimized,0.6533383036336944,0.6534989608143057,0.6529386053221499,0.6535908076568556,0.653017886798618
50,clang_generated_llm_optimized,0.8086976258657073,0.8110984688022487,0.5975222596491091,0.5011246002263879,
