Filename,CPU Time,Normalized CPU Time
clang_generated_unoptimized.asm,0.28608800000000656,1.0
clang_generated_O2_optimized.asm,0.22466799999997988,0.7853108134559112
clang_generated_llm_optimized.asm,0.22901899999999387,0.8005194205978182
clang_generated_O1_optimized.asm,0.22897699999998622,0.800372612622623
clang_generated_O3_optimized.asm,0.22331800000000612,0.7805919856827305
llm_generated.asm,0.0028240000000039345,0.00987108861610368
