Filename,CPU Time,Normalized CPU Time
clang_generated_unoptimized.asm,0.31492499999998813,1.0
clang_generated_O2_optimized.asm,0.24626599999999144,0.7819830118282154
clang_generated_llm_optimized.asm,0.2652219999999943,0.8421751210605836
clang_generated_O1_optimized.asm,0.24688000000000443,0.7839326823847383
clang_generated_O3_optimized.asm,0.23990300000002662,0.7617782011591193
llm_generated.asm,0.19543900000002168,0.620589029134013
