Filename,CPU Time,Normalized CPU Time
clang_generated_unoptimized.asm,0.3179879999999997,1.0
clang_generated_llm_optimized.asm,0.2645440000000008,0.8319307646829472
clang_generated_O3_optimized.asm,0.2382119999999972,0.7491226084003089
llm_generated.asm,0.18900800000000118,0.5943872095802399
