Filename,CPU Time,Normalized CPU Time
clang_generated_unoptimized.asm,0.7204980000000001,1.0
clang_generated_O2_optimized.asm,0.22427499999999867,0.31127775510827044
clang_generated_llm_optimized.asm,0.22600000000000087,0.3136719324689324
clang_generated_O1_optimized.asm,0.22831900000000083,0.3168905395990007
clang_generated_O3_optimized.asm,0.2229650000000003,0.3094595682430767
llm_generated.asm,0.4385779999999997,0.6087150831785788
