Filename,CPU Time,Normalized CPU Time
clang_generated_unoptimized.asm,0.2526999999999999,1.0
clang_generated_O2_optimized.asm,0.22423699999999958,0.8873644637910552
clang_generated_llm_optimized.asm,0.22609500000000082,0.8947170557973917
clang_generated_O1_optimized.asm,0.22312300000000018,0.8829560743965186
clang_generated_O3_optimized.asm,0.22646099999999958,0.8961654135338332
llm_generated.asm,0.0024850000000000705,0.009833795013850698
