Filename,CPU Time,Normalized CPU Time
clang_generated_unoptimized.asm,0.2551319999999997,1.0
clang_generated_O2_optimized.asm,0.22433200000000042,0.8792781775708288
clang_generated_llm_optimized.asm,0.2225210000000004,0.8721798911935809
clang_generated_O1_optimized.asm,0.2295259999999999,0.8996362667168375
clang_generated_O3_optimized.asm,0.2281329999999997,0.894176347929699
