Filename,CPU Time,Normalized CPU Time
clang_generated_unoptimized.asm,0.2610610000000122,1.0
clang_generated_O2_optimized.asm,0.22615099999998733,0.8662764641213232
clang_generated_llm_optimized.asm,0.2251709999999889,0.8625225522003608
clang_generated_O1_optimized.asm,0.22570400000000745,0.8645642206227545
clang_generated_O3_optimized.asm,0.22499399999998104,0.8618445497411353
