Filename,CPU Time,Normalized CPU Time
clang_generated_unoptimized.asm,0.25441,1.0
clang_generated_O2_optimized.asm,0.22680800000000012,0.8915058370347081
clang_generated_llm_optimized.asm,0.22363,0.8790141896938012
clang_generated_O1_optimized.asm,0.2234020000000001,0.8781179985063483
clang_generated_O3_optimized.asm,0.22936299999999932,0.9015486812625262
llm_generated.asm,0.002340999999997706,0.00920168232379901
