Filename,CPU Time,Normalized CPU Time
clang_generated_unoptimized.asm,0.2559469999999999,1.0
clang_generated_llm_optimized.asm,0.253336,0.9897986692557447
clang_generated_O3_optimized.asm,0.2518520000000004,0.9840005938729521
llm_generated.asm,0.0022159999999997737,0.008658042485357415
