Filename,CPU Time,Normalized CPU Time
clang_generated_unoptimized.asm,0.27414699999999925,1.0
clang_generated_O2_optimized.asm,0.22565900000000738,0.8231313857164514
clang_generated_llm_optimized.asm,0.22596400000000472,0.8242439275279515
clang_generated_O1_optimized.asm,0.2262179999999887,0.8251704377578063
clang_generated_O3_optimized.asm,0.22462100000001328,0.8193450958792687
