Filename,CPU Time,Normalized CPU Time
clang_generated_unoptimized.asm,0.38680299999998624,1.0
clang_generated_O2_optimized.asm,0.2250410000000045,0.5817974524499875
clang_generated_llm_optimized.asm,0.2271469999999738,0.5872420844718936
clang_generated_O1_optimized.asm,0.21970799999999713,0.5680100723107239
clang_generated_O3_optimized.asm,0.22471100000001343,0.5809443049821781
llm_generated.asm,0.22182699999999045,0.5734883131723341
