Filename,CPU Time,Normalized CPU Time,Compiler Errors,Linker Errors,Execution Errors,Correctness Errors
clang_generated_O1_optimized.asm,2.2425780000000373,0.6419586773334606,0.0,0.0,0.0,0.0
clang_generated_O2_optimized.asm,2.2399350000000027,0.6412020941581086,0.0,0.0,0.0,0.0
clang_generated_O3_optimized.asm,2.2447099999999978,0.6425689820363738,0.0,0.0,0.0,0.0
clang_generated_llm_optimized_1.asm,2.2453269999999748,0.6427456039883861,0.0,0.0,0.0,0.0
clang_generated_llm_optimized_2.asm,2.241517999999985,0.6416552425374326,0.0,0.0,0.0,0.0
clang_generated_unoptimized.asm,3.493336999999997,1.0,0.0,0.0,0.0,0.0
