Filename,CPU Time,Normalized CPU Time,Compiler Errors,Linker Errors,Execution Errors,Correctness Errors
clang_generated_O1_optimized.asm,2.2573680000000422,0.8818419014052945,0.0,0.0,0.0,0.0
clang_generated_O2_optimized.asm,2.256087999999977,0.8813418687859537,0.0,0.0,0.0,0.0
clang_generated_O3_optimized.asm,2.247767000000067,0.8780912661099549,0.0,0.0,0.0,0.0
clang_generated_llm_optimized_1.asm,2.2351869999999963,0.8731768830232182,0.0,0.0,0.0,0.0
clang_generated_llm_optimized_2.asm,2.2371890000000576,0.8739589652918901,0.0,0.0,0.0,0.0
clang_generated_llm_optimized_3.asm,2.23938899999996,0.8748183963563003,0.0,0.0,0.0,1.0
clang_generated_llm_optimized_4.asm,2.235006999999996,0.8731065659361268,1.0,0.0,0.0,0.0
clang_generated_llm_optimized_5.asm,2.249858000000017,0.8789081162716453,0.0,0.0,0.0,0.0
clang_generated_unoptimized.asm,2.559833000000026,1.0,0.0,0.0,0.0,0.0
