Filename,CPU Time,Normalized CPU Time
clang_generated_unoptimized.asm,0.5340850000000046,1.0
clang_generated_O2_optimized.asm,0.22327699999999595,0.4180551784828146
clang_generated_llm_optimized.asm,0.22162099999999896,0.4149545484332963
clang_generated_O1_optimized.asm,0.22543900000002282,0.42210322326974337
clang_generated_O3_optimized.asm,0.2271029999999996,0.425218832208352
