Filename,CPU Time,Normalized CPU Time
clang_generated_unoptimized.asm,0.31209899999998925,1.0
clang_generated_O2_optimized.asm,0.23815700000000106,0.763081586291559
clang_generated_llm_optimized.asm,0.2686309999999992,0.8607236806270075
clang_generated_O1_optimized.asm,0.24131100000002448,0.7731873540127742
clang_generated_O3_optimized.asm,0.24241399999999658,0.7767214890147195
llm_generated.asm,0.19421500000001402,0.6222865180600409
