Filename,CPU Time,Normalized CPU Time
clang_generated_unoptimized.asm,0.25421199999999544,1.0
clang_generated_O2_optimized.asm,0.22719399999999723,0.8937186285462578
clang_generated_llm_optimized.asm,0.2255090000000024,0.8870903025821222
clang_generated_O1_optimized.asm,0.22498399999999918,0.8850250971630105
clang_generated_O3_optimized.asm,0.22009700000000265,0.8658009850046677
