Filename,CPU Time,Normalized CPU Time
clang_generated_unoptimized.asm,0.25771899999998027,1.0
clang_generated_O2_optimized.asm,0.22587500000000205,0.8764390673563817
clang_generated_llm_optimized.asm,0.22603200000000356,0.8770482579864926
clang_generated_O1_optimized.asm,0.22571800000000053,0.8758298767262709
clang_generated_O3_optimized.asm,0.22586700000002224,0.8764080257956904
