Filename,CPU Time,Normalized CPU Time
clang_generated_unoptimized.asm,0.25483800000000656,1.0
clang_generated_O2_optimized.asm,0.2255619999999965,0.8851191737495612
clang_generated_llm_optimized.asm,0.2256050000000016,0.8852879083966905
clang_generated_O1_optimized.asm,0.22213899999999853,0.8716871110273696
clang_generated_O3_optimized.asm,0.2259599999999864,0.8866809502506713
llm_generated.asm,0.2320620000000133,0.9106255738940321
