Filename,CPU Time,Normalized CPU Time
clang_generated_unoptimized.asm,0.6267320000000041,1.0
clang_generated_O2_optimized.asm,0.22471799999999575,0.35855517190760056
clang_generated_llm_optimized.asm,0.5047309999999996,0.8053378477562919
clang_generated_O1_optimized.asm,0.22705300000000506,0.36228084731592386
clang_generated_O3_optimized.asm,0.2256320000000045,0.36001353050427143
llm_generated.asm,0.2876359999999991,0.45894576948360266
