Filename,CPU Time,Normalized CPU Time
clang_generated_unoptimized.asm,0.2737079999999992,1.0
clang_generated_llm_optimized.asm,0.22570400000000035,0.8246160141464665
clang_generated_O3_optimized.asm,0.22011000000000536,0.8041781752817091
llm_generated.asm,0.0021880000000038535,0.007993920528460477
