Filename,CPU Time,Normalized CPU Time
clang_generated_unoptimized.asm,0.27097200000000043,1.0
clang_generated_O2_optimized.asm,0.2232920000000007,0.8240408603102917
clang_generated_llm_optimized.asm,0.22116699999999412,0.8161987216391131
clang_generated_O1_optimized.asm,0.2230390000000142,0.8231071845061994
clang_generated_O3_optimized.asm,0.22427299999999661,0.8276611605627011
llm_generated.asm,0.0026250000000089813,0.009687347770282453
