Filename,CPU Time,Normalized CPU Time
clang_generated_unoptimized.asm,0.2781310000000019,1.0
clang_generated_O2_optimized.asm,0.23216100000000495,0.8347181723720238
clang_generated_llm_optimized.asm,0.23009299999999655,0.8272828271569691
clang_generated_O1_optimized.asm,0.2289389999999969,0.8231337031830157
clang_generated_O3_optimized.asm,0.225395000000006,0.810391506160782
llm_generated.asm,0.0027369999999962147,0.009840686582927454
