Filename,CPU Time,Normalized CPU Time
clang_generated_unoptimized.asm,0.7223520000000008,1.0
clang_generated_O2_optimized.asm,0.2283740000000023,0.31615334352227453
clang_generated_llm_optimized.asm,0.22618900000000508,0.3131285024475669
clang_generated_O1_optimized.asm,0.2261790000000019,0.31311465878131667
clang_generated_O3_optimized.asm,0.22636399999998957,0.31337076660684726
