Filename,CPU Time,Normalized CPU Time
clang_generated_unoptimized.asm,1.3812670000000082,1.0
clang_generated_O2_optimized.asm,0.21962700000000268,0.1590040158781766
clang_generated_llm_optimized.asm,0.22102200000000494,0.16001395819925013
clang_generated_O1_optimized.asm,0.4394110000000069,0.3181216955157868
clang_generated_O3_optimized.asm,0.22310200000001146,0.16151982201848747
llm_generated.asm,0.4377110000000073,0.3168909414327604
