Filename,CPU Time,Normalized CPU Time
clang_generated_unoptimized.asm,0.4305920000000185,1.0
clang_generated_O2_optimized.asm,0.005311000000006061,0.012334181777659206
clang_generated_llm_optimized.asm,0.004939000000007354,0.011470254904891735
clang_generated_O1_optimized.asm,0.00478600000002416,0.011114930142742908
clang_generated_O3_optimized.asm,0.004723000000012689,0.010968619946521268
llm_generated.asm,0.1526670000000081,0.3545514082937016
