Filename,CPU Time,Normalized CPU Time
clang_generated_unoptimized.asm,0.42813200000000506,1.0
clang_generated_O2_optimized.asm,0.004848000000009733,0.011323610475296581
clang_generated_llm_optimized.asm,0.004638999999997395,0.010835443274497912
clang_generated_O1_optimized.asm,0.0046119999999802985,0.010772378612157569
clang_generated_O3_optimized.asm,0.004632999999984122,0.01082142890506682
llm_generated.asm,0.15283700000000522,0.35698569600030694
