Filename,CPU Time,Normalized CPU Time
clang_generated_unoptimized.asm,0.3332709999999963,1.0
clang_generated_O2_optimized.asm,0.22784999999998945,0.6836778477575065
clang_generated_llm_optimized.asm,0.22545099999999252,0.6764795016667967
clang_generated_O1_optimized.asm,0.22598099999999022,0.678069799052401
clang_generated_O3_optimized.asm,0.22329899999999725,0.6700222941690087
llm_generated.asm,0.22475399999999013,0.6743881105766557
