Filename,CPU Time,Normalized CPU Time
clang_generated_unoptimized.asm,0.2566879999999969,1.0
clang_generated_O2_optimized.asm,0.22547600000000045,0.878404911799551
clang_generated_llm_optimized.asm,0.25924399999999537,1.0099576139126039
clang_generated_O1_optimized.asm,0.23040100000000052,0.8975916287477532
clang_generated_O3_optimized.asm,0.23025799999999919,0.8970345321947343
llm_generated.asm,0.23078200000000493,0.8990759209624435
