Filename,CPU Time,Normalized CPU Time
clang_generated_unoptimized.asm,0.34643199999999297,1.0
clang_generated_O2_optimized.asm,0.22143599999999708,0.6391903750230971
clang_generated_llm_optimized.asm,0.2255880000000019,0.651175411047497
clang_generated_O1_optimized.asm,0.22552500000000464,0.6509935571771926
clang_generated_O3_optimized.asm,0.22804699999998945,0.6582734851283775
llm_generated.asm,0.002820999999997298,0.008143012192861385
