Filename,CPU Time,Normalized CPU Time
clang_generated_unoptimized.asm,0.3537430000000015,1.0
clang_generated_llm_optimized.asm,0.21987000000000023,0.6215529353230999
clang_generated_O3_optimized.asm,0.24513499999999766,0.6929748433184448
llm_generated.asm,0.0021650000000050795,0.006120262450437381
