Filename,CPU Time,Normalized CPU Time
clang_generated_unoptimized.asm,0.34731400000001145,1.0
clang_generated_O2_optimized.asm,0.22631400000000212,0.6516120858934413
clang_generated_llm_optimized.asm,0.22412699999998154,0.6453151902888284
clang_generated_O1_optimized.asm,0.22317300000000273,0.642568396321471
clang_generated_O3_optimized.asm,0.22382799999999747,0.6444542978399664
llm_generated.asm,0.002488999999997077,0.007166425770331731
