Filename,CPU Time,Normalized CPU Time
clang_generated_unoptimized.asm,0.5332899999999938,1.0
clang_generated_O2_optimized.asm,0.21928299999999012,0.4111890341090076
clang_generated_llm_optimized.asm,0.22221900000000971,0.41669448142663895
clang_generated_O1_optimized.asm,0.22183499999999867,0.4159744229218647
clang_generated_O3_optimized.asm,0.23451699999999676,0.43975510510228855
llm_generated.asm,0.254446999999999,0.47712689155994287
