Filename,CPU Time,Normalized CPU Time
clang_generated_unoptimized.asm,0.2859370000000183,1.0
clang_generated_O2_optimized.asm,0.2219610000000216,0.7762584065721029
clang_generated_llm_optimized.asm,0.21968200000000593,0.7682881194108907
clang_generated_O1_optimized.asm,0.2208349999999939,0.77232047618874
clang_generated_O3_optimized.asm,0.2228849999999909,0.7794898876325086
llm_generated.asm,0.002819999999985612,0.009862312327489731
