Filename,CPU Time,Normalized CPU Time
clang_generated_unoptimized.asm,0.27933399999999864,1.0
clang_generated_llm_optimized.asm,0.23514800000000236,0.8418166066429561
clang_generated_O3_optimized.asm,0.21933500000000095,0.7852069565466503
llm_generated.asm,0.002133999999998082,0.007639599905482656
