Filename,CPU Time,Normalized CPU Time
clang_generated_unoptimized.asm,0.3351509999999962,1.0
clang_generated_O2_optimized.asm,0.22537199999999302,0.672449134867554
clang_generated_llm_optimized.asm,0.22014599999999973,0.6568561633413066
clang_generated_O1_optimized.asm,0.2216099999999983,0.6612243436540569
clang_generated_O3_optimized.asm,0.22046900000000846,0.6578199080414827
llm_generated.asm,0.222329000000002,0.6633696453240614
