Filename,CPU Time,Normalized CPU Time
clang_generated_unoptimized.asm,0.34049499999999,1.0
clang_generated_O2_optimized.asm,0.22513100000000463,0.6611873889484757
clang_generated_llm_optimized.asm,0.22387400000000923,0.6574957047827892
clang_generated_O1_optimized.asm,0.22662500000001273,0.6655751185774222
clang_generated_O3_optimized.asm,0.22776999999999248,0.6689378698659281
