Filename,CPU Time,Normalized CPU Time
clang_generated_unoptimized.asm,0.3406880000000001,1.0
clang_generated_O2_optimized.asm,0.22035999999999945,0.6468088104071742
clang_generated_llm_optimized.asm,0.2215890000000087,0.6504162165970291
clang_generated_O1_optimized.asm,0.22235299999999825,0.6526587376132948
clang_generated_O3_optimized.asm,0.22177800000000047,0.6509709763772143
llm_generated.asm,0.3482390000000066,1.0221639740760065
