Filename,CPU Time,Normalized CPU Time
clang_generated_unoptimized.asm,0.4002319999999884,1.0
clang_generated_O2_optimized.asm,0.22373299999999574,0.5590082752003894
clang_generated_llm_optimized.asm,0.22310499999998967,0.5574391852725323
clang_generated_O1_optimized.asm,0.22742500000001087,0.5682329249035996
clang_generated_O3_optimized.asm,0.23126200000000097,0.5778198644786217
llm_generated.asm,0.229526000000007,0.5734823802195068
