Filename,CPU Time,Normalized CPU Time
clang_generated_unoptimized.asm,0.26139200000000073,1.0
clang_generated_O2_optimized.asm,0.22540499999999497,0.8623255493664471
clang_generated_llm_optimized.asm,0.22943899999999928,0.8777583093591182
clang_generated_O1_optimized.asm,0.22130599999999845,0.846644120707588
clang_generated_O3_optimized.asm,0.2272259999999946,0.8692920976923316
