Filename,CPU Time,Normalized CPU Time
clang_generated_unoptimized.asm,0.25940599999999847,1.0
clang_generated_O2_optimized.asm,0.22692299999999932,0.8747793034856582
clang_generated_llm_optimized.asm,0.22940700000000191,0.8843550264835943
clang_generated_O1_optimized.asm,0.22764400000000506,0.8775587303300865
clang_generated_O3_optimized.asm,0.22804599999999198,0.8791084246316327
llm_generated.asm,0.3532160000000033,1.361633886648749
