Filename,CPU Time,Normalized CPU Time
clang_generated_unoptimized.asm,0.2532800000000037,1.0
clang_generated_O2_optimized.asm,0.22406700000000512,0.8846612444725277
clang_generated_llm_optimized.asm,0.22579199999999844,0.8914718888186794
clang_generated_O1_optimized.asm,0.230078000000006,0.9083938723941986
clang_generated_O3_optimized.asm,0.22835399999999595,0.9015871762476019
llm_generated.asm,0.0026990000000068903,0.010656190777032733
