Filename,CPU Time,Normalized CPU Time
clang_generated_unoptimized.asm,0.7192900000000001,1.0
clang_generated_O2_optimized.asm,0.22413700000000003,0.31160866966035955
clang_generated_llm_optimized.asm,0.2252130000000001,0.3131045892477305
clang_generated_O1_optimized.asm,0.2292519999999998,0.31871984873972914
clang_generated_O3_optimized.asm,0.2376450000000001,0.3303882995731903
llm_generated.asm,0.005942000000000114,0.008260923966689532
