Filename,CPU Time,Normalized CPU Time
clang_generated_unoptimized.asm,0.3265140000000031,1.0
clang_generated_O2_optimized.asm,0.22323699999998325,0.683698095640558
clang_generated_llm_optimized.asm,0.22084999999998445,0.676387536215851
clang_generated_O1_optimized.asm,0.23960000000002424,0.7338123327024936
clang_generated_O3_optimized.asm,0.24470099999999206,0.7494349400025413
