Filename,CPU Time,Normalized CPU Time
clang_generated_unoptimized.asm,0.3050360000000012,1.0
clang_generated_O2_optimized.asm,0.22547199999999634,0.7391652132862857
clang_generated_llm_optimized.asm,0.2258109999999931,0.7402765575210539
clang_generated_O1_optimized.asm,0.22230899999999565,0.7287959453965918
clang_generated_O3_optimized.asm,0.22653700000000754,0.7426566044663798
llm_generated.asm,0.22781499999999255,0.7468462738823997
