Filename,CPU Time,Normalized CPU Time
clang_generated_unoptimized.asm,0.36960500000000707,1.0
clang_generated_O2_optimized.asm,0.2264250000000061,0.6126134657269294
clang_generated_llm_optimized.asm,0.2281640000000209,0.617318488656854
clang_generated_O1_optimized.asm,0.2253729999999905,0.609767183885462
clang_generated_O3_optimized.asm,0.22543200000001207,0.6099268137606574
llm_generated.asm,0.0022200000000225373,0.00600641225097738
