Filename,CPU Time,Normalized CPU Time
clang_generated_unoptimized.asm,0.36729199999999196,1.0
clang_generated_llm_optimized.asm,0.2424039999999934,0.6599762586715712
clang_generated_O3_optimized.asm,0.22011799999999937,0.5992997397166402
llm_generated.asm,0.0026479999999935444,0.007209522668595021
