Filename,CPU Time,Normalized CPU Time
clang_generated_unoptimized.asm,0.2830199999999934,1.0
clang_generated_O2_optimized.asm,0.22434300000000462,0.7926754292983177
clang_generated_llm_optimized.asm,0.22372699999999668,0.7904989046710548
clang_generated_O1_optimized.asm,0.2226840000000152,0.7868136527454611
clang_generated_O3_optimized.asm,0.22624700000000075,0.7994028690552117
