Filename,CPU Time,Normalized CPU Time
clang_generated_unoptimized.asm,0.2514099999999999,1.0
clang_generated_O2_optimized.asm,0.22138799999999748,0.8805854977924409
clang_generated_llm_optimized.asm,0.22164799999999474,0.881619665088878
clang_generated_O1_optimized.asm,0.2239280000000008,0.8906885167654464
clang_generated_O3_optimized.asm,0.22242800000000074,0.8847221669782459
llm_generated.asm,0.22587400000000457,0.8984288612227225
