Filename,CPU Time,Normalized CPU Time
clang_generated_unoptimized.asm,0.25193399999999144,1.0
clang_generated_O2_optimized.asm,0.2244320000000073,0.8908364889217609
clang_generated_llm_optimized.asm,0.22175699999999665,0.8802186286884827
clang_generated_O1_optimized.asm,0.2229690000000062,0.885029412465224
clang_generated_O3_optimized.asm,0.22678700000000163,0.9001841752205313
llm_generated.asm,7.4962950000000035,29.754995355927576
