Filename,CPU Time,Normalized CPU Time
clang_generated_unoptimized.asm,0.2810429999999968,1.0
clang_generated_O2_optimized.asm,0.22974599999999157,0.8174763292449703
clang_generated_llm_optimized.asm,0.22901999999999134,0.8148930946509749
clang_generated_O1_optimized.asm,0.2289559999999966,0.8146653714911924
clang_generated_O3_optimized.asm,0.22724499999999637,0.8085773351408821
llm_generated.asm,0.2310420000000022,0.8220877232309818
