Filename,CPU Time,Normalized CPU Time
clang_generated_unoptimized.asm,0.36773999999999774,1.0
clang_generated_O2_optimized.asm,0.22591400000001727,0.6143307771795797
clang_generated_llm_optimized.asm,0.2273930000000064,0.6183526404525148
clang_generated_O1_optimized.asm,0.22540300000000002,0.6129412084625045
clang_generated_O3_optimized.asm,0.22697999999999752,0.6172295643661253
