Filename,CPU Time,Normalized CPU Time
clang_generated_unoptimized.asm,0.2833570000000094,1.0
clang_generated_O2_optimized.asm,0.25523599999999647,0.9007577014154864
clang_generated_llm_optimized.asm,0.2557469999999995,0.9025610801920934
clang_generated_O1_optimized.asm,0.252127999999999,0.8897892058427731
clang_generated_O3_optimized.asm,0.2525849999999963,0.8914020123024591
llm_generated.asm,0.252326999999994,0.8904915001217037
