Filename,CPU Time,Normalized CPU Time
clang_generated_unoptimized.asm,0.22339399999999898,1.0
clang_generated_O2_optimized.asm,0.22729100000000813,1.0174445150720661
clang_generated_llm_optimized.asm,0.2237530000000021,1.0016070261511192
clang_generated_O1_optimized.asm,0.2269940000000048,1.0161150254707192
clang_generated_O3_optimized.asm,0.22798999999999126,1.0205735158508835
llm_generated.asm,0.2275149999999968,1.0184472277679697
