Filename,CPU Time,Normalized CPU Time
clang_generated_unoptimized.asm,0.2561059999999884,1.0
clang_generated_O2_optimized.asm,0.22374099999998975,0.8736265452586034
clang_generated_llm_optimized.asm,0.22596400000000472,0.8823065449462916
clang_generated_O1_optimized.asm,0.22938399999998182,0.8956603906194787
clang_generated_O3_optimized.asm,0.223117000000002,0.871190054118264
llm_generated.asm,0.2224830000000111,0.8687145166455341
