Filename,CPU Time,Normalized CPU Time
clang_generated_unoptimized.asm,0.35464600000000246,1.0
clang_generated_O2_optimized.asm,0.22207099999999969,0.6261765253238388
clang_generated_llm_optimized.asm,0.22440599999998767,0.6327605555962456
clang_generated_O1_optimized.asm,0.22208500000002118,0.6262160013084023
clang_generated_O3_optimized.asm,0.22171599999998648,0.6251755271453363
llm_generated.asm,0.22274999999999068,0.6280911105722019
