Filename,CPU Time,Normalized CPU Time
clang_generated_unoptimized.asm,0.32072800000000257,1.0
clang_generated_O2_optimized.asm,0.2259159999999838,0.704385024070184
clang_generated_llm_optimized.asm,0.2575620000000072,0.803054301464185
clang_generated_O1_optimized.asm,0.2270680000000027,0.7079768526602008
clang_generated_O3_optimized.asm,0.22539000000000442,0.7027450051133752
llm_generated.asm,0.002636999999992895,0.008221920131678164
